,title,link,description,bloggername,bloggerlink,postdate
0,<b>반도체</b>설비보전 기능사 필기 독학 자격증 취득,https://blog.naver.com/crownbooks/223399462739,2024년 <b>반도체</b> 설비보전 기능사 자격증 <b>반도체</b> 관련 사업체가 증가하면서 해당 기업들에 취업을 원하는 수험생들이 늘어나고 있는 추세입니다. 그리고 관련된 자격증들을 취득하여 본인 스스로가 취업에... ,크라운출판사,blog.naver.com/crownbooks,20240329
1,TIGER미국필라델피아<b>반도체</b>나스닥 주가와 ETF 전망,https://blog.naver.com/itnanum/223386465497,TIGER 미국필라델피아<b>반도체</b>나스닥에 대해 알아보는 시간을 가져보려고 합니다. <b>반도체</b> 섹터가 워낙 강세이다 보니 TIGER 미국필라델피아<b>반도체</b>나스닥ETF에 투자를 고려하시는 분들께 주가와 배당정보... ,딸에게 전하는 경제 이야기,blog.naver.com/itnanum,20240317
2,HBM관련주 SK하이닉스 삼성전자 한미<b>반도체</b> 이수페타시스... ,https://blog.naver.com/poslee777/223566869068,HBM관련주 SK하이닉스 삼성전자 한미<b>반도체</b> 이수페타시스 주가 알아봐요 안녕하세요 류짱입니다. 오늘은 HBM관련주에 대해서 알아보도록 하겠습니다. HBM? (High BandWidth Memory) 고대역폭 메모리 AI<b>반도체</b>에... ,류짱 경제이야기,blog.naver.com/poslee777,20240901
3,"[테마주분석] <b>반도체</b> cxl 관련주 정리 (삼성전자,sk하이닉스... ",https://blog.naver.com/79gytn/223317102045,오늘은 20조시장을 바라보고 있는 cxl<b>반도체</b>가 뭔지 살펴보면서 cxl 관련주로 묶인 삼성전자와... 올해 <b>반도체</b>시장이 본격적으로 달릴 거 같은 느낌이 드는데 메모리 <b>반도체</b>시장에서 cxl<b>반도체</b>는... ,개미책사,blog.naver.com/79gytn,20240109
4,삼성전자 주가 전망 <b>반도체</b> 사이클 따라 상승할까?,https://blog.naver.com/joinjaang/223060967696,"91 이 나왔고 매출도 부진하다는 발표에도 불구하고 이렇게 오른것인데, 상식적으로 이해가 안 갈수도 있지만 이는 <b>반도체</b> 사이클에 따라 바닥을 찍었다는 견해가 나온것과 리쇼어링을 통한 미국 내 <b>반도체</b>... ",하우스마켓,blog.naver.com/joinjaang,20230331
5,"심텍 주가, 전반적인 <b>반도체</b> 업황에 동행하는 주식. 뾰족한... ",https://blog.naver.com/now_2716/223447366079,<b>반도체</b> 기판 사업을 합니다. 2️⃣ ①Module PCB(Memory Module) 매출 비중 = 25.07% 3️⃣ ②Package Substrate... → D램등의 메모리칩 여러 개를 고밀도로 실장하여 성능을 좋게해주는 <b>반도체</b> 기판. 심텍의... ,명토르의 국내주식 추세추종,blog.naver.com/now_2716,20240516
6,9월 12일(목) 젠슨황이 살려낸 <b>반도체</b>! 매수자금의 성격이... ,https://blog.naver.com/billioninvest/223581228048,그간 설움에 시달리던 <b>반도체</b>가 일제 반등을 시작함. 여기에 미국 정부에서 고성능 AI칩의 사우디... 문제는 이 <b>반도체</b>의 상승이 미국만의 축제일 수 있다는 점임. TSMC의 캐파 문제로 다른 업체를 고려할... ,빌리언스탁,blog.naver.com/billioninvest,20240912
7,"<b>반도체</b>: 사이클의 피크를 준비하라, 근데 어떻게?(모건스탠리)",https://blog.naver.com/somewhaterror/223556159379,특히 <b>반도체</b> 사이클의 정점을 가리키는 대부분의 시그널이 주의 단계에 도달 성장의 기울기 - 현재... 도달한 <b>반도체</b> 사이클 테크 사이클의 역사는 반복된다 이전 다운턴에서 글로벌 테크 업종의 Fwd P/B는... ,어느정도오차는 있을지라도,blog.naver.com/somewhaterror,20240821
8,영종 호반써밋 2차 영종도 아파트 <b>반도체</b> 수혜단지 분양조건,https://blog.naver.com/rwlaundry/223118313301,영종 호반써밋 2차 영종도 아파트 <b>반도체</b> 수혜단지 분양조건 부동산 시장에 대해서 긍정적인 사인이... 영종국제도시를 포함하여 인천은 <b>반도체</b> 특화단지의 최적지로 꼽히며 올 6~7월 발표를 앞두고 영종도... ,모델하우스,blog.naver.com/rwlaundry,20230602
9,"가천대학교, 교육부 ‘<b>반도체</b> 특성화대학’ 지원 사업 선정",https://blog.naver.com/gachonuni/223537097031,"가천대학교 학생홍보대사 바람개비 25기 윤소리입니다  오늘은 가천대학교가 2024 <b>반도체</b> 특성화대학 지원사업에 선정되었다는 소식을 전해드리려고 합니다! ‘가천대학교, <b>반도체</b>교육의 중심에 서다’... ",가천대학교 공식 블로그,blog.naver.com/gachonuni,20240805
10,GTX-A와 C확정 <b>반도체</b>클라스터의 평택.브레인시티중흥S... ,https://blog.naver.com/hkt2020/223338168484,"삼성<b>반도체</b>는 물론이고 LG전자,LG화학, 쌍용자동차등 국내 유명한 회사들은 전부 몰려있습니다.... #삼성<b>반도체</b>클라스터 단지가 대규모로 들어섭니다.용인기흥과 동탄,고덕신도시,용인원삼... ",아파트와 오피스텔 :1670-7078,blog.naver.com/hkt2020,20240130
11,[주식공부]<b>반도체</b> 투자의 원칙(Feat.우황제),https://blog.naver.com/twomins84/223470358919,"<b>반도체</b>산업의 개요 -<b>반도체</b> 산업은 집중적으로 잘 팔리는 호황기와 그러지 않는 불황기로 명확히 구분되며, 호황기와 불황기가 매우 짧은 주기로 반복하며 사이클을 띤다. 사이클 주식은 특정한 시기에... ",Fly High S+,blog.naver.com/twomins84,20240605
12,"삼성전자 주가 전망, <b>반도체</b> 경쟁력은?",https://blog.naver.com/adust316/223432213061,<b>반도체</b> 시장의 회복 기대감과 글로벌 경제 상황의 변화가 주가에 영향을 미치고 있는 것 같네요.... 삼성전자의 세계 <b>반도체</b> 경쟁력에 대한 내용도 살펴볼까요? 삼성전자는 세계 1위의 메모리 <b>반도체</b>... ,누구라도 그러하듯이,blog.naver.com/adust316,20240430
13,초격차 이끌 지능형 <b>반도체</b> 분야 석·박사급 인재 양성 지원 확대,https://blog.naver.com/moeblog/223477851992,첨부파일 [교육부 06-14(금) 조간보도자료] 초격차 이끌 지능형 <b>반도체</b> 분야 석·박사급 인재 양성 지원 확대.pdf 2024년 4단계 두뇌한국21 지능형 <b>반도체</b>(시스템 <b>반도체</b> 포함) 분야 추가선정 예비결과... ,교육부,blog.naver.com/moeblog,20240613
14,[<b>반도체</b>] 한미<b>반도체</b> 다음 ~ -24.05.27.월,https://blog.naver.com/lhk85/223460467222,"* 채널: 이재진의 상한가랠리 * 한미<b>반도체</b>, 코스피200편입에 8%대 오름세 : 패시브 자금이 들어왔다. 탄탄한 자금이 들어온 상황 [특징주] 한미<b>반도체</b>, 코스피200 편입에 8%대 오름세 - 조선비즈 (chosun.... ",Open Your Eyes,blog.naver.com/lhk85,20240603
15,SK하이닉스 주가 주식 <b>반도체</b> 삼성전자를 과연..,https://blog.naver.com/chbb_91/223567235355,"SK하이닉스 주가 주식 <b>반도체</b> 삼성전자를 과연.. 나는 국내 주식을 선호하진 않는다. 이유는 구구절절... 원래 <b>반도체</b> D 램 하면 삼성전자였는데, 앞으로는 그 자리가 SK하이닉스가 될 수 있겠다는 생각이... ",경제 정보 쉽게 알려주는 첼짱,blog.naver.com/chbb_91,20240831
16,필라델피아 <b>반도체</b> 지수 추종 SOXX 3배 레버리지 ETF SOXL... ,https://blog.naver.com/alcmskfl17/223424922711,"필라델피아 <b>반도체</b> 지수(SOX)는 미국 내 증권거래소에 상장된 <b>반도체</b> 관련 기업 30곳을 시가총액 방식으로 묶은 지수이다. 이 지수는 <b>반도체</b> 산업의 성과를 측정하는 지표로 널리 사용되며, 투자자들은... ",피끄의 실험실,blog.naver.com/alcmskfl17,20240423
17,<b>반도체</b>관련주 산업 용어 공부 : <b>반도체</b> 소부장과 CAPEX... ,https://blog.naver.com/cs1487/223560117001,"잠잠하던 <b>반도체</b>관련주가 2분기 실적이 생각 이상으로 선방하며 하반기 전망도 꽤 긍정적이었는데요, 그런 만큼 이번 하반기에도 관련 리포트를 자주 보게 될 것 같습니다. 그런 만큼 최근 <b>반도체</b>관련주... ",오쿤의 첨단산업 노트,blog.naver.com/cs1487,20240825
18,"삼성전자-ASML, 1조원 규모 <b>반도체</b> 연구시설 건립!",https://blog.naver.com/mocienews/223291140089,"한-네덜란드, <b>반도체</b> 분야 협력 강화 삼성전자와 네덜란드의 <b>반도체</b> 장비기업 ASML이 공동으로 한국에 1조원 규모의 초미세 첨단<b>반도체</b> 공정기술 개발 연구팹을 설립합니다. 양 기업은 12일 네덜란드... ",산업통상자원부 블로그,blog.naver.com/mocienews,20231213
19,[ <b>반도체</b> 전쟁의 승패는 속도와 시간! ],https://blog.naver.com/v0413ksw/223574235277,"[ <b>반도체</b> 전쟁의 승패는 속도와 시간! ] AI 기술 혁명 시대, 전 세계는 총성없는 <b>반도체</b> 전쟁에 돌입했습니다. 전쟁에서 승리할 수 있는 방법은 정부의 적극적인 지원뿐입니다. <b>반도체</b> 자체가 민생이고... ",국회의원 김성원,blog.naver.com/v0413ksw,20240906
20,"산업보고서 (LNG 발전, 스마트폰 AI <b>반도체</b>)",https://blog.naver.com/system2think/223574244127,<b>반도체</b> 공정 이야기는 봐도봐도 모르겠지만 또 읽어보니 재밌고 이해가 가서 붙여넣어 보았다. 각... 우선 감광성 층이 도포된 웨이퍼 위에 팹리스 기업으로부터 받아온 <b>반도체</b> 소자의 패턴을 포함하는... ,투자와 책 그리고 생각,blog.naver.com/system2think,20240906
21,"<b>반도체</b> 산업 - 메모리, 온 디바이스 AI 최대 수혜",https://blog.naver.com/pokara61/223300265832,<b>반도체</b> 섹터가 뜨겁게 달아오르고 있다. 어제 마이크론이 8% 상승했다. AI <b>반도체</b> 시장에 본격적으로 성장할 예정이다. 이미 이와 관련해서 HBM 칩 수요가 증가하고 있다. 메모리 업체들은 아직은... ,포카라의 실전투자,blog.naver.com/pokara61,20231222
22,"<b>반도체</b> 산업, 디스플레이 산업 등에 사용되는 이온·전자빔... ",https://blog.naver.com/tungsten2/223506828907,"#텅스텐 #텅스텐와이어가공 #필라멘트 #이온전자빔 #<b>반도체</b>공정부품 #증착부품 순수 텅스텐 가공물 자체가공 #텅스텐가공업체 코리아텅스텐 ☎ 031. 975. 1717 안녕하세요, <b>반도체</b> 공정과 디스플레이 공정... ",텅스텐연구개발,blog.naver.com/tungsten2,20240903
23,<b>반도체</b>를 넘보는 구리 가격!?,https://blog.naver.com/ppspr/223395537938,"<b>반도체</b>만큼 몸값 오른 구리?! 작년, 정보통신(IT) 수요 침체 및 <b>반도체</b> 업황 악화로 인해 <b>반도체</b>의 수출·가격이 하락한 적도 있습니다. 그러나 최근 산업통상자원부의 발표에 따르면, 2023년 2월 대비... ",조달청 블로그,blog.naver.com/ppspr,20240326
24,"<b>반도체</b> 공정에서 발생하는 온실가스, 맑은 공기로 바꾼다!",https://blog.naver.com/energium/223461282627,"<b>반도체</b>, 디스플레이 생산 공정에서 배출되는 온실가스를 깨끗한 공기로 바꾸는 기술이 개발됐습니다. 한국에너지기술연구원 수소융복합소재연구실 이신근 박사 연구진이 <b>반도체</b>, 디스플레이 생산 공정에서... ",한국에너지기술연구원,blog.naver.com/energium,20240529
25,<b>반도체</b> 증착 장치 및 부품 특허상담 tip,https://blog.naver.com/hn96312/223424499089,"IoT, CPS, 빅데이터, 인공 지능 등이 4차 산업 혁명의 핵심기술인데 이들은 모두 <b>반도체</b> 기술과 직간접적으로 연결되어 관련 <b>반도체</b> 수요를 급증시킬 전망에 있습니다. 오늘은 <b>반도체</b> 전공정 중 핵심 공정으로... ",특허법인 메이저,blog.naver.com/hn96312,20240426
26,세액공제 3년 연장 ···  ‘<b>반도체</b> 생태계 종합지원 추진방안’,https://blog.naver.com/mcst_pr/223501407368,K-<b>반도체</b>를 키울 18조 원 규모의 금융지원 프로그램이 7월부터 본격 가동되고 국가전략기술에 대한 세액공제도 3년 연장됩니다. 정부는 6월 26일 열린 경제관계장관회의에서 ‘<b>반도체</b> 생태계 종합지원... ,정책주간지 K-공감 공식 블로그,blog.naver.com/mcst_pr,20240704
27,(종목공부) 프로텍-<b>반도체</b> 후공정,https://blog.naver.com/mindy0103/223382688683,프로텍은 <b>반도체</b> 패키징 관련 장비 제조업체입니다. <b>반도체</b> 디스펜분야에서 세계적인 기술력을 가지고 있습니다. ■ 기업개요 프로텍은 고속 자동화 시스템 기반 <b>반도체</b> 패키지 공정장비 제조... ,더블조이의 행복 충전소,blog.naver.com/mindy0103,20240315
28,<b>반도체</b> 소부장 뜻 관련 지수 미국 증시 실시간 해외선물 거래,https://blog.naver.com/changelife__99/223552622604,"오늘은 &quot; <b>반도체</b> 소부장 뜻 관련 지수 미국 증시 실시간 해외선물 거래 &quot;에 대해 알아보겠습니다. 목차 1. <b>반도체</b> 소부장 뜻 2. 관련주 3. 미국 지수 선물 4. 실시간 해외선물거래 혹시, 요즘 핫한 '소부장... ",단발머리앤! 경제 정복기,blog.naver.com/changelife__99,20240819
29,"[매매일지] 24.01.04(목) HMM, SFA<b>반도체</b>",https://sangjjang.tistory.com/591,"SFA<b>반도체</b> SFA<b>반도체</b> 일봉 SFA<b>반도체</b> 1분봉 - 이것도 HMM 과 마찬가지로 사고 팔고 했어야 되는데.. - 장초반에 HMM 말고, SFA<b>반도체</b>를 잡았어야.. - 어려웠다. - 일단, 지켜야된다는 생각과 관망의 마음으로... ",SangJJang,https://sangjjang.tistory.com/,20240104
30,[<b>반도체</b>] 81년만에 한 번 오는 ~ -24.05.17.금,https://blog.naver.com/lhk85/223450164244,"com) &quot; &quot; &quot; &quot; 상용화를 위해 <b>반도체</b>가 필요 서버용 <b>반도체</b> / 온디바이스AI (아직 덜 간 종목 / 제주<b>반도체</b> 정도 빼고) * 애플, 오픈AI와 막바지 협상... 아이폰에 챗GPT 탑재 가시권 “애플, 오픈AI와... ",Open Your Eyes,blog.naver.com/lhk85,20240521
31,중국향 수출증가 기대하는 <b>반도체</b> 소부장 메카로,https://blog.naver.com/33idoll/223424303452,메카로 일봉 원래 메카로는 <b>반도체</b> 부품 및 소재 전문 기업이다. <b>반도체</b> 제조공정의 챔버 내의 웨이퍼에 열에너지를 균일하게 공급하는 역할을 하는 메탈히터블럭이 주력이다. 메탈히터블럭은 삼성전자... ,얄팍한 잡학창고,blog.naver.com/33idoll,20240423
32,4월12일상한가 메카로 <b>반도체</b> 업황 개선 주가 탄력 받을까,https://blog.naver.com/noonsseol-/223413902433,메카로 : <b>반도체</b> 부품 업체 엔비디아 4% 급등 영향 ▼▼▼ <b>반도체</b> 부품 업체 메카로는 <b>반도체</b> 업황 개선 분위기와 전날 엔비디아의 주가가 4% 급등한 영향으로 오늘 상한가를 기록했습니다. 메카로는 1999년... ,경제 새싹의 요즘 주식 이야기,blog.naver.com/noonsseol-,20240412
33,ASML의 하이 NA EUV 노광장비 <b>반도체</b> 혁신의 선두주자,https://blog.naver.com/yoohye-/223580651849,"Ultraviolet)는 <b>반도체</b> 제조 공정에서 중요한 차세대 리소그래피(Lithography) 기술로, 현재 사용되고 있는 기존 EUV(Extreme Ultraviolet) 기술의 성능을 대폭 향상시키는 것을 목표로 합니다. EUV 기술은 <b>반도체</b>... ",유혜,blog.naver.com/yoohye-,20240911
34,유리기판 관련주 대장주 (+AI <b>반도체</b>),https://blog.naver.com/jeju8/223411223019,<b>반도체</b> 공정이 점점 미세화되면서 현재 <b>반도체</b>기판인 PCB의 한계를 뛰어넘는 유리기판이 큰 관심을 받고 있습니다. 인공지능 <b>반도체</b> 시대가 열리면서 <b>반도체</b>의 신호 전달 속도를 높이면서 전력 효율까지... ,경제적자유 뼈있는나무,blog.naver.com/jeju8,20240410
35,국방혁신 4.0 선도를 위한 국방<b>반도체</b> 발전전략 수립 토론회 개최,https://blog.naver.com/dapapr/222923488903,"8.(화) 14:00, 서울 신길동 공군호텔에서 ‘미래첨단무기체계에 적용될 국방<b>반도체</b> 선제적 확보 통해... 이번 포럼은 ‘인공지능 패권시대의 <b>반도체</b> 안보와 국방’등 5개의 주제 발표와 이어진 패널 토의로... ",방위사업청 공식 블로그,blog.naver.com/dapapr,20221108
36,"부처 간 칸막이를 허물고, 협업 행정 구현 용인 <b>반도체</b>... ",https://blog.naver.com/mltmkr/223395618432,"용인 <b>반도체</b> 국가산업단지 부지(용인시 이동읍 현장사무소)에서 첫 회의*를 개최합니다. *(참석기관)... 특히, 이번 인사 교류의 핵심 목표로 ‘용인 <b>반도체</b> 국가산단의 신속 조성’을 내건 만큼 첫 번째 회의... ",국토교통부,blog.naver.com/mltmkr,20240326
37,"미, <b>반도체</b>주 일제 하락하며 S&amp;P 500 4일 연속 내림세",https://blog.naver.com/apurimac/223419052655,"<b>반도체</b> 업체인 ASML의 1분기 실적이 61% 감소했다는 소식에 <b>반도체</b> 업종은 급락했습니다. AMD 주가는 거의 6% 이상, 엔비디아가 3% 넘게, 퀄컴은 2% 넘게 하락하였는데 특히, Arm은 12% 가까이 폭락하였습니다. ASML... ",한달 살기,blog.naver.com/apurimac,20240418
38,<b>반도체</b> 산업 - 불확실성 속의 기회,https://blog.naver.com/pokara61/223097151353,교보증권에서 발간한 <b>반도체</b> 산업 리포트입니다. 여느 때보다 <b>반도체</b> 산업 전망이 불확실하지만 과거 사례에 비추어 볼 때 얼마든 다시 일어설 수 있는 경쟁력을 갖고 있다는 내용입니다. 일독해... ,포카라의 실전투자,blog.naver.com/pokara61,20230509
39,전문대<b>반도체</b>학과 여기로 와,https://blog.naver.com/ecivu37/223570724676,안녕하세요 <b>반도체</b>는 IT 분야에 관심이 없는 사람도 많이 들어본 단어죠 4차 산업혁명을 이끄는 핵심... 학생만 <b>반도체</b> 관련 전공을 선택할 수 있는 건 아니에요 1. 어떤 방법이 있을까? 전문대<b>반도체</b>학과를... ,멘토스쿨 엑스퍼트,blog.naver.com/ecivu37,20240903
40,"[토큰포스트]미국, 퀀텀컴퓨팅·<b>반도체</b> 기술 수출 통제 강화... ",https://blog.naver.com/qlc1012/223575469911,"[토큰 포스트] 미국, 퀀텀컴퓨팅·<b>반도체</b> 기술 수출 통제 강화…中 견제 2024년 9월 6일, 김민준 기자 작성 미국, 퀀텀컴퓨팅·<b>반도체</b> 기술 수출 통제 강화…中 견제 / 셔터스톡 바이든 행정부가 퀀텀 컴퓨팅과... ",더 좋은 산행이야기(A better hiking story),blog.naver.com/qlc1012,20240907
41,"한국기술교육대학교, <b>반도체</b> 전문인력 양성 '클린룸' 장비 확대",https://blog.naver.com/koreatech91/223406773386,한국기술교육대학교가 <b>반도체</b> 제조공정 및 장비교육 및 실습 공간인 '클린룸'(Clean room)에 6종의 장비를 추가 구축하여 재직자 및 직업훈련·강사 등을 대상으로 보다 체계적인 <b>반도체</b> 전문인력 양성에... ,한국기술교육대학교 공식 블로그,blog.naver.com/koreatech91,20240405
42,53%) 등 대형 기술주 급락 영향 등에 <b>반도체</b>/AI/전선/전력설비... ,https://blog.naver.com/beetle2022/223572515004,"美 경기 침체 공포 재부각에 따른 엔비디아(-9.53%) 등 대형 기술주 급락 영향 등에 <b>반도체</b>/AI/전선... 26% 급락 필라델피아 <b>반도체</b>지수는 전 거래일 대비 399.82(-7.75%) 폭락한 4,759.00 를 기록 특히... ",주린이 재테크 도전 분투기,blog.naver.com/beetle2022,20240904
43,몇 개의 그래프들 - <b>반도체</b> 파츠/소켓,https://blog.naver.com/tosoha1/223102776298,주요 <b>반도체</b> 파츠 회사들의 실적이 다 발표 되었다. 특이점은 이번 분기에 월덱스의 매출이 이제... 중국 <b>반도체</b> 회사들의 미국 <b>반도체</b> 규제로 before market 부품을 구하지 못해 한국의 회사들이 수혜를... ,이것 또한 지나가리라,blog.naver.com/tosoha1,20230515
44,AI 인공지능 엔비디아 주가 국내 <b>반도체</b> 관련주... ,https://blog.naver.com/resumet/223442332301,"AI 인공지능 엔비디아 주가 국내 <b>반도체</b> 관련주 - SK하이닉스 KODEX 핵심장비 ETF 금리가 떨어지지 않고... 지금 시장에서 인공지능 모델을 학습시키고, 추론하는 모델을 만들기 위해서는 엔비디아의 <b>반도체</b>... ",블루래더 - 경제적 자유를 향한 푸른 사다리,blog.naver.com/resumet,20240510
45,"24년 8월_수출입 동향 요약(ft. <b>반도체</b> 산업, 다르게 바라보기)",https://blog.naver.com/choght5986/223571261238,"제목에서 언급되어 있는 바와 같이 오늘의 주제는 <b>반도체</b> 산업 다르게 바라보기 입니다! **시작에 앞서... 익히 알고 계시는 것처럼 <b>반도체</b>가 가장 높은 수출액을 기록하고 있고, 이어서 자동차, 석유제품... ",뜸들이는 재테크,blog.naver.com/choght5986,20240903
46,"테스 주가의 핵심키는 레거시<b>반도체</b>(낸드,D램)의 숏티지 여부.",https://blog.naver.com/now_2716/223412170542,11 기준)  배당주기 ▶ 연배당 (1년에 한 번 배당) 기업 초간단 분석 (23년 연간 사업보고서) 1️⃣ 테스의 매출은 <b>반도체</b> 장비에서 대부분 발생합니다. 2️⃣ 테스의 <b>반도체</b> 장비는 전공정에 속합니다. 3️⃣... ,명토르의 국내주식 추세추종,blog.naver.com/now_2716,20240412
47,[경제기사 스크랩] IPO 호황의 그림자 / <b>반도체</b>.車...무역흑자... ,https://blog.naver.com/huh_chef/223498091576,com) <b>반도체</b>·車 '쌍끌이'...무역흑자 6년만에 최대 올해 상반기 무역수지 6년 만에 최대 흑자 <b>반도체</b> 수출 사상 최대 기록 수출도 9개월 연속 증가 올해 상반기 무역수지가 231억달러 흑자 2018년... ,브런치재테크ᆞ,blog.naver.com/huh_chef,20240702
48,"KTC, 미래차 전장부품 시스템 <b>반도체</b> 신뢰성 검증센터 구축... ",https://blog.naver.com/no1_ktc/223468397401,"- 2027년까지 강원 원주 부론일반산단 내 2,622㎡부지 332.75억원 투입 조성 - 미래차 신성장동력 '<b>반도체</b>‧전장부품' one-stop 지원…시장 도약 발판 마련 ▲ KTC가 2027년까지 미래차 전장부품 시스템<b>반도체</b>... ",한국기계전기전자시험연구원,blog.naver.com/no1_ktc,20240604
49,"[투자일기]긴장하되 쫄지마라 - <b>반도체</b>, 2차전지",https://blog.naver.com/poporol1/223422473717,<b>반도체</b>가 바닥을 쳤을때도 <b>반도체</b> 부정론이 시장을 지배했습니다. 하지만 결국엔 수출데이터로 증명이 됐습니다. 바닥은 지나갔습니다. https://n.news.naver.com/mnews/article/003/0012502660 하지만 바닥은... ,꿈꾸는 몽상가,blog.naver.com/poporol1,20240421
50,"해성디에스 주가, 차량용 <b>반도체</b> 및 DDR5 관련주",https://blog.naver.com/now_2716/223453444114,리드프레임 사진  리드프레임이란 → <b>반도체</b> 칩과 외부회로를 연경시켜주는 전선(Lead)역할과 <b>반도체</b> 패키지를 전자회로 기판에 고정시켜주는 버팀대(Frame)역할을 동시에 수행 하는 핵심 재료... ,명토르의 국내주식 추세추종,blog.naver.com/now_2716,20240522
51,대만 <b>반도체</b> 산업 정말 대단하다.,https://violetsage.tistory.com/458,펌글 : 대만 <b>반도체</b> 산업 정말 대단하다. 지난 20년간 우리나라 무역흑자의 80% 이상을 차지해온 대중... 커졌으며 <b>반도체</b>·철강·디스플레이 수출이 줄면서 대중 수출이 감소했다고 밝혔다. 특히 최대... ,명자이 스톡 [Y],https://violetsage.tistory.com/,20240224
52,따른 반발 매수세 유입 등에 <b>반도체</b>/2 차전지/금융/기술주 상승,https://blog.naver.com/beetle2022/223538905076,"전일 국내 증시 폭락에 따른 반발 매수세 유입 등에 <b>반도체</b>/2 차전지/금융/기술주 상승 증시 상황... AI <b>반도체</b>의 투자 피크 아웃 우려, HBM 산업의 경쟁심화 가중 등을 근거로 SK 하이닉스에 대한... ",주린이 재테크 도전 분투기,blog.naver.com/beetle2022,20240806
53,총선 끝나니 햄버거 치킨 쿠팡 가격 인상 삼성전자 <b>반도체</b>... ,https://blog.naver.com/resumet/223416766324,"총선 끝나니 햄버거 치킨 쿠팡 가격 인상 삼성전자 <b>반도체</b> 보조금 9조원 아니 고추바사삭 19,000원... 삼성전자는 미국에서 <b>반도체</b> 공장 짓는데 보조금을 받기로 했죠. <b>반도체</b> 보조금이 총 9조원 이상이라고... ",블루래더 - 경제적 자유를 향한 푸른 사다리,blog.naver.com/resumet,20240416
54,"중국의 <b>반도체</b> 전략, 디플과 비슷",https://blog.naver.com/kmsmir04/223573454988,이러다 <b>반도체</b> 산업 미국 &gt; 일본 &gt; 한국으로 넘어간 것처럼 중국으로 넘어가게 되면 우리나라는 모 먹고 사나. 진짜 정신 차려야 됨. 점유율을 중국에 빼앗기기 시작할 때는 이미 늦음. 디스플레이 그... ,깊고 향기롭게,blog.naver.com/kmsmir04,20240905
55,"월간<b>반도체</b>, DRAM Capex 및 HBM생산량 급증_iM증권",https://blog.naver.com/knpu87/223571658556,가속기 <b>반도체</b> 생산 가능량을 고려하면 HBM수요량은 CY2024에 8.8억 GB로 319% 증가한다. CY2025에 18.... 3Q24 원가 부담에 따라 고객사들의 <b>반도체</b> 고정거래가격 인상에 대한 저항이 강해질 것으로... ,선사판후이판,blog.naver.com/knpu87,20240904
56,&quot;레버리지로 장투하지 말라고?…<b>반도체</b>는 됩니다&quot; - 이러지... ,https://blog.naver.com/hong8706/223175347167,"그렇게 <b>반도체</b> 투자가 만만하지 않습니다. <b>반도체</b>가 만만하지 않은 가장 큰 이유는 미래 예측이 거의 불가능에 가까울 정도로 격렬한 변동성을 보이는 데다, 과점화 경향이 나타나고 있기 때문입니다.... ",시장을 보는 눈,blog.naver.com/hong8706,20230805
57,"국내 <b>반도체</b> ETF, TIGER Fn<b>반도체</b>TOP10 주가 전망 리뷰",https://blog.naver.com/jmt0808/223580806616,"국내를 대표하는 <b>반도체</b> 기업에 투자할 수 있는 TIGER Fn<b>반도체</b>TOP10 분석과 투자방법을 공유해 보겠습니다. ▶ 이번 포스팅은 지수 특징, 주가 전망, 수익률 계산, 구성 기업 목록, 운용 보수 등... ",몬스터의 경제 이야기,blog.naver.com/jmt0808,20240911
58,OBS 라디오 [월간 용인] 미래 <b>반도체</b>의 핵심! 용인시에 있다,https://blog.naver.com/spokesmanlee/223526561277,그리고 <b>반도체</b> 또 도시이기도 하고 그래서 대한민국 미래 경쟁력의 핵심인 <b>반도체</b> 산업 발전을 위해서 서로 많은 협력을 하고 있구요. 또 도로망 확충을 위한 협력도 하고 있어서 협약도 체결하고 그렇게... ,"함께 만드는 미래, 용인 르네상스!",blog.naver.com/spokesmanlee,20240728
59,"396호, 기정학 관점에서 본 <b>반도체</b> 패권과 K <b>반도체</b>",https://blog.naver.com/chaeum_educonsulting/223551868084,글로벌 <b>반도체</b> 패권 현황 2022년 미국정부는 <b>반도체</b> 특별법을 제정하고 외국 기업인 삼성전자와 TSMC에까지 직접 보조금을 지급하면서 <b>반도체</b> 제조 공장을 미국 내에 유치하기 위해 적극 나서고 있다. EU 또한... ,채움교육컨설팅,blog.naver.com/chaeum_educonsulting,20240818
60,"삼성전자, 국내 1등 주식 개미만 산다 / 국장보다 미국<b>반도체</b>E... ",https://blog.naver.com/hangshaw/223579147858,"국장보다 미국<b>반도체</b>ETF사는이유 ㅇ 대한민국은 다수당이 민주당이고, ㅇ 대한민국의 차기대선후보... 미국<b>반도체</b>ETF가 좋아보인다. ㅇ 그래서 난 삼성전자보다는 QQQ를 사고 굳이 <b>반도체</b>산업을... ",행쇼의 성공투자 노력기,blog.naver.com/hangshaw,20240910
61,HB솔루션_05. <b>반도체</b> 초미세공정 경쟁 심화,https://blog.naver.com/bebu-life/223432936558,"ㅇ <b>반도체</b> 초미세공정 경쟁 심화 240430, 인포스탁 HB솔루션의 주가가 주식시장에서 오름세. 세계 최대... 글로벌 <b>반도체</b>와 파운드리 기업에 공급을 추진 중. TSMC는 지난 미국 캘리포니아 샌타클래라에서... ","베부, 두번째 삶",blog.naver.com/bebu-life,20240501
62,시스템<b>반도체</b> 관련주 아이언디바이스 공모주 청약 균등배정 정보,https://blog.naver.com/mintlight/223577073807,-시스템<b>반도체</b> 관련주 아이언디바이스 공모주 청약 균등배정 정보 시스템<b>반도체</b> 관련주인 아이언디바이스가 추석이 오기전에 공모주 청약을 진행합니다. 다양한 오디오 기술을 갖고있는... ,경제 레시피,blog.naver.com/mintlight,20240908
63,"(<b>반도체</b>, 디스플레이) DDI   T-Con  Gate Driver IC... ",https://blog.naver.com/bachoco/223432700809,"DDI Display Driver IC 디스플레이 구동칩, 비메모리 <b>반도체</b> DDI는 스마트폰, 노트북, TV... 전력<b>반도체</b>, 방열기판 사업을 추진, 시간 필요. #DDI #T-Con #GateDriverIC #SourceDriverIC #구동칩... ",내가 선택하는 삶,blog.naver.com/bachoco,20240501
64,‘국방’ <b>반도체</b>는 왜 필요한 것일까? '<b>반도체</b>와 방위산업',https://blog.naver.com/dapapr/223122691645,"‘국방’ <b>반도체</b>는 왜 필요한 것일까? <b>반도체</b>와 방위산업 안녕하세요, 방위사업청 대학생 서포터즈 13기 정운입니다. 전자 제품이 발전하면서, 전자기기에 들어가는 <b>반도체</b>는 우리 생활 속에서 중요한 물건이... ",방위사업청 공식 블로그,blog.naver.com/dapapr,20230607
65,"23년에는 2차 전지, 24년에는 <b>반도체</b>",https://blog.naver.com/daonew_papa/223356231247,ChatGPT의 샘 알트먼이 쏘아 올린 AI 열풍이 <b>반도체</b> 주가를 견인하였고 특히 <b>반도체</b> 장비 관련 종목들의 상승률이 어마어마했습니다. <b>반도체</b> 산업의 사이클을 단편적으로 보여주는 필라델피아<b>반도체</b>지수... ,비즈니스 경제 독서,blog.naver.com/daonew_papa,20240217
66,[9월 1주차] <b>반도체</b> 늬우스,https://blog.naver.com/whdbswjd10/223577070805,"#<b>반도체</b>뉴스 #<b>반도체</b>트렌드 #<b>반도체</b>정보 #메모리<b>반도체</b> #파운드리 #SK하이닉스 #삼성전자 #AI<b>반도체</b> #HBM #반만한<b>반도체</b> SK하이닉스, '맞춤형 HBM'으로 AI칩 생태계 확장 빅테크와 AI앱 개발 공조도 3일 대만... ",Every moment's gonna be my best part,blog.naver.com/whdbswjd10,20240908
67,일본 <b>반도체</b> 산업의 생존 비결은 무엇일까?,https://blog.naver.com/leenameun00/223426359602,"일본은 여전히 해외 파운드리와 <b>반도체</b> 제조업체가 힘을 합칠 수 있는 인센티브를 가지고 있습니다. 우선 도쿄일렉트론, 어드밴테스트, 스크린 등 <b>반도체</b> 제조장비 제조사들이다. 그런 다음 Shin-Etsu Chemical 및... ","일호이앤지 [치공구,간이자동화,로봇자동화,LCIA]",blog.naver.com/leenameun00,20240427
68,NPU 관련주 미국 <b>반도체</b> 대장주로 떠오르는 이유,https://blog.naver.com/alcmskfl17/223458290973,"NPU는 AI 연산을 최적화한 프로세서로, <b>반도체</b> 산업에서 중요한 역할을 담당하고 있다. 이 글에서는 최근 떠오르고 있는 <b>반도체</b> 대장주이자 NPU 관련주를 알아보고, 이들이 왜 주목받는지에 대해... ",피끄의 실험실,blog.naver.com/alcmskfl17,20240525
69,[<b>반도체</b>] <b>반도체</b> 세계 1위 이기업~-24.05.24.금,https://blog.naver.com/lhk85/223457506612,"* 채널: 이재진의 상한가랠리 LPDDR : D램의 일종, 저전력<b>반도체</b> 왜 중요? 친환경 규제 * AI... 메모리 <b>반도체</b> 새 먹거리로... LLW D램 뜬다 온디바이스 AI, 메모리 <b>반도체</b> 새 먹거리로…LLW D램 뜬다... ",Open Your Eyes,blog.naver.com/lhk85,20240530
70,필라델피아<b>반도체</b>지수 주가 전망은?,https://blog.naver.com/keiraso/223495458144,"필라델피아<b>반도체</b>지수 주가 전망은? 안녕하세요, 여러분! 오늘은 최근 월가의 주목을 받고 있는 <b>반도체</b>주 동향에 대해 알아보겠습니다. 특히, 엔비디아와 마이크론의 주가 변동이 다른 <b>반도체</b>주에 어떤... ",머니티노의 경제 레이더,blog.naver.com/keiraso,20240629
71,[파두] <b>반도체</b> 침체 속 '신규 고객사'로 돌파구 모색,https://blog.naver.com/kang760302/223578002310,"파두, <b>반도체</b> 침체 속 '신규 고객사'로 돌파구 모색 SSD는 전원이 꺼져도 저장된 정보가 날아가지 않는 낸드플래시를 기반으로 일종의 중앙처리장치(CPU) 역할을 하는 컨트롤러 등 <b>반도체</b>와 함께 제작되는... ",주식.골프.자유 찬양록,blog.naver.com/kang760302,20240909
72,"퀄리타스<b>반도체</b> 유상증자 신주인수권 7R - 거래기간, 실권주... ",https://blog.naver.com/snowball_project/223502278292,7월 5일 오늘까지 신주인수권 거래가 되고 있는 퀄리타스<b>반도체</b>의 유상증자 소식입니다. 퀄리타스<b>반도체</b>의 유상증자에 참여할 주주분들은 계좌에 신주인수권 '퀄리타스<b>반도체</b>7R'이 입고되어 있으실 겁니다.... ,"""투테크""",blog.naver.com/snowball_project,20240705
73,2024년 한솔케미칼 <b>반도체</b>/이차전지 소재 사업부 전시회 개최,https://blog.naver.com/hansol_chem/223416291361,"지난 2024년 1월 31일 (수) ~ 2월 02일 ( 금 ), <b>반도체</b>소재본부에서 개최한 전시회에는 25개 업체, 100명 가량의 인원이 방문하여 <b>반도체</b> 산업에서의 지속적인 시너지를 도모하는 귀한 시간을 보냈습니다. 아울러... ",한솔케미칼 블로그 입니다.,blog.naver.com/hansol_chem,20240415
74,중국 기업 탐방 &amp; <b>반도체</b>,https://blog.naver.com/tosoha1/223154715151,&quot;이제 <b>반도체</b>는 산업의 쌀이 아니라 총알이아 포탄이다&quot; 기업간의 경쟁 뿐 아니라 국가간의 패권... 그런데 중국까지도 AI전쟁 참여하는 분위기이면 <b>반도체</b>의 회복 속도는 더 빨라질 것 같기도 하고... ,이것 또한 지나가리라,blog.naver.com/tosoha1,20230713
75,엔비디아의 슈퍼 <b>반도체</b> 블랙웰 최신 소식,https://blog.naver.com/poorsangel/223460532804,"'괴물 <b>반도체</b>' 블랙웰 (Blackwell) 공개 블랙웰 (Blackwell) 은 엔비디아가 2024년 3월 18일 주최한 '그래픽... 이러한 야심을 실행해줄 비밀의 무기 (?), 어떤 언론에서는 괴물 <b>반도체</b>라고 부르는, 신형 AI 칩... ",Smart Workplace - 직장인의 IT 리뷰 및 노하우,blog.naver.com/poorsangel,20240528
76,"LX세미콘 주식, SiC <b>반도체</b>",https://blog.naver.com/knbro/222961621300,[하이투자증권] 전기자동차에 들어가는 <b>반도체</b> 생산이 구체화 되면 멀티플 뻥튀기 예상.. SiC <b>반도체</b>에 대기업이 투자를 확대하고 있는 중이란다.. 돈이 좀 될려나 봄.. (SiC <b>반도체</b>는 고전압용 <b>반도체</b>) 따라서... ,은퇴 일기,blog.naver.com/knbro,20221221
77,[종목분석] <b>반도체</b> 장비 3D낸드 GAA 관련주 유진테크 주가... ,https://blog.naver.com/79gytn/223483462448,동사는 <b>반도체</b> 장비 3D낸드 GAA 관련주로 알려져 있습니다. 동사에 대해 숨은 <b>반도체</b> 장비 중견기업으로 평을 내리는 투자자들도 많은데요. 본 글에서 동사 주가 주식 전망 실적 배당을 알려 드리겠습니다.... ,개미책사,blog.naver.com/79gytn,20240618
78,"경제신문 스크랩, K<b>반도체</b> 전력망 비상, 용인 <b>반도체</b> 클러스터... ",https://blog.naver.com/happyfleurs/223459699760,#20240527 #매일경제신문 #매일경제 #경제신문 #경제신문읽기 #경제신문스크랩 이미지 클릭 시 해당 기사 링크로 이동 ✔ What K<b>반도체</b>의 사활이 걸린 용인 <b>반도체</b> 클러스터의 건설 과정에서 '전력 확보'가... ,순간의 행복을 기록하다,blog.naver.com/happyfleurs,20240527
79,‘<b>반도체</b> 베테랑 퇴직자’ 특허청으로 모십니다,https://blog.naver.com/kipoworld2/223204715902,"특허청(청장 이인실)은 <b>반도체</b> 분야의 국가경쟁력을 확보하고 핵심인력·기술의 해외유출을 방지하기 위해 <b>반도체</b> 전문 특허심사관을 추가 채용한다. 이는 지난 3월, <b>반도체</b> 민간 전문가 30명을 심사관으로... ",특허청 공식 블로그,blog.naver.com/kipoworld2,20230907
80,메모리 <b>반도체</b> 수출 유리기판 관련주 낸드플래시 전망,https://blog.naver.com/stocksos/223405026033,한국 수출에서 큰 비중을 차지하는 <b>반도체</b> 전망을 살펴보고 낸드플래시와 유리기판 종목들 정리해보자 메모리 <b>반도체</b> 수출 유리기판 관련주 낸드플래시 전망 Photo &amp; Write By 스톡소스 한국수출 중에서 <b>반도체</b>... ,불소스 리포트,blog.naver.com/stocksos,20240404
81,"<b>반도체</b> 섹터: 엔비디아 2Q24 실적 발표, 관련주 스크리닝",https://blog.naver.com/blueshw/223564259738,오늘은 엔비디아 2Q24 실적 발표 및 일부 <b>반도체</b> 관련주에 대해 간략히 살펴보자. 목차 1. 엔비디아... 오늘도 역시나 지지부진하던 한국 시장은 1시 이후 급 <b>반도체</b>로 돈이 몰렸다. 엔비디아 옵션... ,보노의 투자 생존기,blog.naver.com/blueshw,20240828
82,<b>반도체</b> 하이브리드 본딩 강의 - 교재 포함,https://blog.naver.com/jshkoret/223157760305,"<b>반도체</b> 하이브리드 본딩 강의 - 교재 포함 내일 방송용 마이크 구입된 것이 오는대로 비디오... 우리나라 기술 수준이 첨단 패키징쪽은 많이 떨어지고, 메모리 위주이다 보니, 시스템 <b>반도체</b>는... ",인하대 주승환교수: 반도체 및 첨단제조공정연구실,blog.naver.com/jshkoret,20230716
83,<b>반도체</b> 전공정 소부장을 보자,https://blog.naver.com/33idoll/223427944490,<b>반도체</b> 전공정 소부장을 봐야 한다는 얘기가 자주 나온다. 아마도 용인<b>반도체</b>클러스트를 염두에 두고 하는 얘기일터. 가깝게는 SK하이닉스 청주 공장 증설 이벤트가 있다. 일단 5조를 투자하고 장기로는... ,얄팍한 잡학창고,blog.naver.com/33idoll,20240426
84,(종목공부) 와이아이케이-<b>반도체</b>HBM 관련주,https://blog.naver.com/mindy0103/223378456268,"와이아이케이는 세계 최고의 <b>반도체</b> 테스터 제조회사로 <b>반도체</b> 메모리 검사장비 개발,제작 및 판매를 하고 있습니다. 와이아이케이는 1933년 일본의 ANDO전기 주식회사에서 시작된 <b>반도체</b> 테스터 장비... ",더블조이의 행복 충전소,blog.naver.com/mindy0103,20240312
85,삼성전자 SK하이닉스 주가 <b>반도체</b> 업황 하락 가능성 있다는데...,https://blog.naver.com/billionairementor/223571775703,"<b>반도체</b> 상승 사이클이 내년 1분기부터 하락 전환할 수 있다고 한다. <b>반도체</b> 업황이 둔화되면 삼성전자 주가는 20%, SK하이닉스는 45% 하락할 수 있다는 분석이다. iM증권은 OECD 경기선행지수가 하락하여 <b>반도체</b>... ",40대 직장인의 억만장자 도전기,blog.naver.com/billionairementor,20240904
86,"퀄리타스<b>반도체</b> 유상증자 청약 결과, 실권주 청약 진행 / 청약률",https://blog.naver.com/msql/223517411557,"지난 수요일 퀄리타스<b>반도체</b>의 유상증자 결과가 발표되어 실권주 청약이 확정되었습니다. 퀄리타스<b>반도체</b>는 현재 시가총액 1,967억 원의 코스닥 상장 종목입니다. 올해 1월에는 50,958원(수정 주가)... ",소유보다 경험을,blog.naver.com/msql,20240718
87,<b>반도체</b> 업종 주가 급락에 대한 의견(24.9.4. 미래에셋),https://blog.naver.com/tirael/223572456960,일각에서는 재고비축이 일단락 되었다는 것 때문에 <b>반도체</b> 피크아웃이라는 이야기를 하기도 하는 듯... 1) 이번 <b>반도체</b> 사이클에서 과연 공급이 수요를 크게 넘어설 수 있을까 싶고(HBM이라는 것이 전반적인... ,현자토끼의 생각공장,blog.naver.com/tirael,20240904
88,"제주<b>반도체</b> 전망, 목표주가, 온디바이스 AI 관련주, 팹리스",https://blog.naver.com/kilsunboa/223307157297,제주<b>반도체</b>입니다 시작하기 전에 공감 버튼 먼저 눌러주시고 같이 살펴보도록 하겠습니다~! 제주<b>반도체</b> 종목 이름만 보면 제주도에 있는 <b>반도체</b> 만드는 회사처럼 보이는데요 정확히 어떤 사업을 하는지... ,슬기로운 길짱,blog.naver.com/kilsunboa,20231230
89,"[경제경영]용어,이슈 - <b>반도체</b>종류/활용분야 (2)",https://blog.naver.com/yelliyako/223574899660,"저번 시간에는 #<b>반도체</b> , #비<b>반도체</b> 에 관련해서 간단하게 용어만 알았다면 이번에는 디테일하게 <b>반도체</b>, 비<b>반도체</b> 용어 및 활용분야에 대해 포스팅을 해보려고 하는데요. <b>반도체</b> 왜 알아야할까?... ",공간 욕심쟁이 _ Just do,blog.naver.com/yelliyako,20240906
90,"학교법인 한국폴리텍, 아산캠퍼스에 <b>반도체</b>응용설계과 신설...... ",https://blog.naver.com/satleceo/223581934355,▲ 자료사진 /사진=아산폴리텍대학 © 온아신문 학교법인 한국폴리텍(이사장 이철수)이 한국폴리텍대학 아산캠퍼스에 <b>반도체</b>응용설계과를 신설한다. 내년 3월 개강을 목표로 신설되는 <b>반도체</b>응용설계과는 최근... ,온아신문사,blog.naver.com/satleceo,20240912
91,더 커지는 파운드리 격차...삼성의 시스템<b>반도체</b> 1위 가능할까,https://blog.naver.com/s-econ/223582553166,삼성전자의 파운드리(<b>반도체</b> 위탁생산) 사업이 TSMC와 격차를 좁히지 못하고 있다. 2030년까지 시스템 <b>반도체</b> 분야 글로벌 1위를 달성하겠다는 목표를 실현시킬 수 있을지 관심이 쏠린다. 29일... ,주주경제신문,blog.naver.com/s-econ,20240913
92,지제역 <b>반도체</b>밸리 해링턴플레이스 모델하우스 분양정보,https://blog.naver.com/mok0724/223431132782,지제역 <b>반도체</b>밸리 해링턴플레이스 모델하우스 분양 정보 알아가기 현재 평택은 GTX-A와 C라인이 함께... 이러한 흐름으로 효율적인 수요를 얻게 될 지제역 <b>반도체</b>밸리 해링턴플레이스에 관한 정보나 내용에... ,행복한 부,blog.naver.com/mok0724,20240429
93,AI혁명과 <b>반도체</b> 사이클,https://blog.naver.com/dgb9021/223508845796,#주식투자# 세계 최대 파운드리(<b>반도체</b> 수탁생산) 기업체인 대만 TSMC가 올해 상반기 중 깜짝... 이는 인공지능(AI) 관련 시장이 급성장한 수혜를 고스란히 받은데다 <b>반도체</b> 사이클이 도래하여... ,미래경제예측연구소,blog.naver.com/dgb9021,20240711
94,삼성전자 감산 공식 선언. 이제는 <b>반도체</b> 좀 가자!,https://blog.naver.com/lhd1371/223067509796,<b>반도체</b>부문 4조 적자 설도 돌았는데 시장 컨센 수준인 2조 적자 선에서 마무리 됐나봅니다?! (역시... 지난 22년 6월22일 <b>반도체</b> 개폭락날의 기록이 떠올랐습니다. 반대매매가 쏟아지고 환율 1300원 돌파하니... ,한걸음 블로그,blog.naver.com/lhd1371,20230407
95,"2024년 6월 한국 수출 +5.1% ↑ - <b>반도체</b>, 자동차, 디스플레이... ",https://blog.naver.com/hong8706/223497814580,"<b>반도체</b>와 디스플레이, 컴퓨터 등 정보통신 산업이 주도했습니다. 자동차도 탄력이 둔화되기는 했지만, 6월 기준으로 역사상 2번째로 많은 수출액을 기록했습니다. 최근 수출을 주도하던 선박 수출이 -39.4... ",시장을 보는 눈,blog.naver.com/hong8706,20240701
96,삼성전자 평택 <b>반도체</b> 공장,https://blog.naver.com/fofo6885/223520036271,"삼성전자는 25년 2나노, 27년 1.7나노 <b>반도체</b> 양산을 목표로 하고 있고, 25년 2나노까지는 평택... 삼성전자 평택 캠퍼스 규모는 86만평으로 여의도 면적(89만평)에 6개 <b>반도체</b> 생산라인(P1~P6)을 만드는... ",세상의 트렌드 즐기기,blog.naver.com/fofo6885,20240721
97,지제역 <b>반도체</b>밸리 해링턴플레이스 모델하우스 공급정보,https://blog.naver.com/2945sanft/223411109778,지제역 <b>반도체</b>밸리 해링턴플레이스 모델하우스 공급정보 경기도 평택시는 각종 호재들로 특히나... 주거 생활 인프라와 교통 편의성 확보는 물론이며 직주근접까지 갖춘 지제역 <b>반도체</b>밸리 해링턴플레이스... ,분양매거진,blog.naver.com/2945sanft,20240410
98,"울프스피드 주가 하락 이유와 전망, 실적 전력 <b>반도체</b> 관련주",https://blog.naver.com/tksth0414/223530754124,"&quot;울프스피드 주가 하락 이유와 전망, 실적 전력 <b>반도체</b> 관련주&quot; 에 대해 이야기해보겠습니다. 목차 1.... 먼저 울프 스피드 기업에 대해 간단히 설명드리자면, 울프 스피드는 탄화규소(SiC) 전력 <b>반도체</b>를... ",자본주의 양쇼 기록장,blog.naver.com/tksth0414,20240802
99,평택 나들이 떼구루 평택고덕점 <b>반도체</b>빵 강추,https://blog.naver.com/amy9419/223379283815,"떼구루 평택고덕점 <b>반도체</b>빵 월-토 10:00 - 22:00 / 일 14:00 - 22:00 <b>반도체</b>빵, 군고구마, 붕어빵, 슬러시, 탕후루, 구슬아이스크림 판매 입구 키오스크에서 주문 / 가게 안에서도 주문 가능 <b>반도체</b>빵 5가지 모두 구매시... ",떠돌이별's 잡다한 작업실,blog.naver.com/amy9419,20240310
